Time [s],Channel 6,Channel 7
0.000000000,0,0
7.339280000,0,1
7.339355000,1,0
7.339917000,0,0
7.345027000,0,1
7.345101000,1,0
7.345664000,0,0
7.360939000,0,1
7.361014000,1,0
7.361576000,0,0
7.376808000,0,1
7.376883000,1,0
7.377445000,0,0
7.392834000,0,1
7.392908000,1,0
7.393470000,0,0
7.408920000,0,1
7.408994000,1,0
7.409557000,0,0
7.424972000,0,1
7.425046000,1,0
7.425608000,0,0
7.440608000,0,1
7.440682000,1,0
7.441244000,0,0
7.457837000,0,1
7.457911000,1,0
7.458474000,0,0
7.472650000,0,1
7.472724000,1,0
7.473286000,0,0
7.488692000,0,1
7.488767000,1,0
7.489329000,0,0
7.504883000,0,1
7.504957000,1,0
7.505519000,0,0
7.520821000,0,1
7.520896000,1,0
7.521458000,0,0
7.536647000,0,1
7.536722000,1,0
7.537284000,0,0
7.553826000,0,1
7.553900000,1,0
7.554462000,0,0
7.568689000,0,1
7.568763000,1,0
7.569326000,0,0
7.584680000,0,1
7.584754000,1,0
7.585317000,0,0
7.600644000,0,1
7.600719000,1,0
7.601281000,0,0
7.617380000,0,1
7.617455000,1,0
7.618017000,0,0
7.632721000,0,1
7.632796000,1,0
7.633358000,0,0
7.648669000,0,1
7.648743000,1,0
7.649305000,0,0
7.664920000,0,1
7.664994000,1,0
7.665556000,0,0
7.680954000,0,1
7.681028000,1,0
7.681590000,0,0
7.696658000,0,1
7.696732000,1,0
7.697294000,0,0
7.712683000,0,1
7.712758000,1,0
7.713320000,0,0
7.728917000,0,1
7.728991000,1,0
7.729554000,0,0
7.744647000,0,1
7.744722000,1,0
7.745284000,0,0
7.760855000,0,1
7.760930000,1,0
7.761492000,0,0
7.776681000,0,1
7.776755000,1,0
7.777317000,0,0
7.792637000,0,1
7.792711000,1,0
7.793273000,0,0
7.808636000,0,1
7.808711000,1,0
7.809273000,0,0
7.824696000,0,1
7.824771000,1,0
7.825333000,0,0
7.840982000,0,1
7.841056000,1,0
7.841619000,0,0
7.856634000,0,1
7.856709000,1,0
7.857271000,0,0
7.872851000,0,1
7.872925000,1,0
7.873487000,0,0
7.888815000,0,1
7.888890000,1,0
7.889452000,0,0
7.904736000,0,1
7.904811000,1,0
7.905373000,0,0
7.920831000,0,1
7.920906000,1,0
7.921468000,0,0
7.936996000,0,1
7.937070000,1,0
7.937632000,0,0
7.952649000,0,1
7.952723000,1,0
7.953285000,0,0
7.968648000,0,1
7.968723000,1,0
7.969285000,0,0
7.984864000,0,1
7.984938000,1,0
7.985500000,0,0
8.000699000,0,1
8.000774000,1,0
8.001336000,0,0
8.016646000,0,1
8.016721000,1,0
8.017283000,0,0
8.033079000,0,1
8.033153000,1,0
8.033715000,0,0
8.048793000,0,1
8.048867000,1,0
8.049429000,0,0
8.064827000,0,1
8.064901000,1,0
8.065463000,0,0
8.081103000,0,1
8.081177000,1,0
8.081739000,0,0
8.096687000,0,1
8.096761000,1,0
8.097323000,0,0
8.112643000,0,1
8.112717000,1,0
8.113279000,0,0
8.128677000,0,1
8.128751000,1,0
8.129314000,0,0
8.144832000,0,1
8.144907000,1,0
8.145469000,0,0
8.160840000,0,1
8.160915000,1,0
8.161477000,0,0
8.177455000,0,1
8.177529000,1,0
8.178091000,0,0
8.192908000,0,1
8.192983000,1,0
8.193545000,0,0
8.208821000,0,1
8.208895000,1,0
8.209457000,0,0
8.224647000,0,1
8.224721000,1,0
8.225283000,0,0
8.240924000,0,1
8.240998000,1,0
8.241560000,0,0
8.256637000,0,1
8.256711000,1,0
8.257273000,0,0
8.272784000,0,1
8.272858000,1,0
8.273420000,0,0
8.288957000,0,1
8.289031000,1,0
8.289593000,0,0
8.304652000,0,1
8.304727000,1,0
8.305289000,0,0
8.320712000,0,1
8.320787000,1,0
8.321349000,0,0
8.338168000,0,1
8.338242000,1,0
8.338804000,0,0
8.353500000,0,1
8.353574000,1,0
8.354136000,0,0
8.368858000,0,1
8.368932000,1,0
8.369494000,0,0
8.384849000,0,1
8.384923000,1,0
8.385485000,0,0
8.400753000,0,1
8.400827000,1,0
8.401389000,0,0
8.416856000,0,1
8.416931000,1,0
8.417493000,0,0
8.432829000,0,1
8.432904000,1,0
8.433466000,0,0
8.448699000,0,1
8.448773000,1,0
8.449335000,0,0
8.464889000,0,1
8.464963000,1,0
8.465525000,0,0
8.480775000,0,1
8.480850000,1,0
8.481412000,0,0
8.496645000,0,1
8.496719000,1,0
8.497281000,0,0
8.512913000,0,1
8.512987000,1,0
8.513550000,0,0
8.528678000,0,1
8.528752000,1,0
8.529314000,0,0
8.544721000,0,1
8.544795000,1,0
8.545357000,0,0
8.560755000,0,1
8.560829000,1,0
8.561391000,0,0
8.576763000,0,1
8.576837000,1,0
8.577399000,0,0
8.592762000,0,1
8.592837000,1,0
8.593399000,0,0
8.609092000,0,1
8.609166000,1,0
8.609728000,0,0
8.624702000,0,1
8.624776000,1,0
8.625338000,0,0
8.640657000,0,1
8.640732000,1,0
8.641294000,0,0
8.656778000,0,1
8.656853000,1,0
8.657415000,0,0
8.672907000,0,1
8.672981000,1,0
8.673543000,0,0
8.688647000,0,1
8.688721000,1,0
8.689283000,0,0
8.704698000,0,1
8.704773000,1,0
8.705335000,0,0
8.720922000,0,1
8.720997000,1,0
8.721559000,0,0
8.736723000,0,1
8.736797000,1,0
8.737360000,0,0
8.752748000,0,1
8.752823000,1,0
8.753385000,0,0
8.768826000,0,1
8.768900000,1,0
8.769462000,0,0
8.784851000,0,1
8.784926000,1,0
8.785488000,0,0
8.800642000,0,1
8.800717000,1,0
8.801279000,0,0
8.816876000,0,1
8.816951000,1,0
8.817513000,0,0
8.832711000,0,1
8.832785000,1,0
8.833347000,0,0
8.848693000,0,1
8.848767000,1,0
8.849329000,0,0
8.864787000,0,1
8.864862000,1,0
8.865424000,0,0
8.880795000,0,1
8.880870000,1,0
8.881432000,0,0
8.896665000,0,1
8.896739000,1,0
8.897301000,0,0
8.912647000,0,1
8.912721000,1,0
8.913283000,0,0
8.928785000,0,1
8.928859000,1,0
8.929421000,0,0
8.944854000,0,1
8.944928000,1,0
8.945490000,0,0
8.960766000,0,1
8.960841000,1,0
8.961403000,0,0
8.977485000,0,1
8.977559000,1,0
8.978121000,0,0
8.992765000,0,1
8.992839000,1,0
8.993402000,0,0
9.008643000,0,1
9.008717000,1,0
9.009279000,0,0
9.024903000,0,1
9.024977000,1,0
9.025539000,0,0
9.040937000,0,1
9.041011000,1,0
9.041573000,0,0
9.056641000,0,1
9.056715000,1,0
9.057277000,0,0
9.072996000,0,1
9.073071000,1,0
9.073633000,0,0
9.088865000,0,1
9.088940000,1,0
9.089502000,0,0
9.104717000,0,1
9.104791000,1,0
9.105353000,0,0
9.120786000,0,1
9.120860000,1,0
9.121422000,0,0
9.136994000,0,1
9.137068000,1,0
9.137630000,0,0
9.152647000,0,1
9.152721000,1,0
9.153283000,0,0
9.169036000,0,1
9.169110000,1,0
9.169672000,0,0
9.184887000,0,1
9.184962000,1,0
9.185524000,0,0
9.200904000,0,1
9.200979000,1,0
9.201541000,0,0
9.216679000,0,1
9.216754000,1,0
9.217315000,0,0
9.232635000,0,1
9.232709000,1,0
9.233271000,0,0
9.248712000,0,1
9.248787000,1,0
9.249349000,0,0
9.264936000,0,1
9.265011000,1,0
9.265573000,0,0
9.280685000,0,1
9.280760000,1,0
9.281322000,0,0
9.296831000,0,1
9.296905000,1,0
9.297467000,0,0
9.312788000,0,1
9.312863000,1,0
9.313425000,0,0
9.328675000,0,1
9.328749000,1,0
9.329311000,0,0
9.344709000,0,1
9.344783000,1,0
9.345345000,0,0
9.360691000,0,1
9.360765000,1,0
9.361327000,0,0
9.376846000,0,1
9.376921000,1,0
9.377483000,0,0
9.392802000,0,1
9.392877000,1,0
9.393439000,0,0
9.409122000,0,1
9.409196000,1,0
9.409758000,0,0
9.424723000,0,1
9.424797000,1,0
9.425359000,0,0
9.441528000,0,1
9.441603000,1,0
9.442165000,0,0
9.456904000,0,1
9.456978000,1,0
9.457540000,0,0
9.472721000,0,1
9.472795000,1,0
9.473357000,0,0
9.488660000,0,1
9.488734000,1,0
9.489296000,0,0
9.505067000,0,1
9.505141000,1,0
9.505703000,0,0
9.520771000,0,1
9.520846000,1,0
9.521408000,0,0
9.536840000,0,1
9.536914000,1,0
9.537477000,0,0
9.552848000,0,1
9.552922000,1,0
9.553485000,0,0
9.568873000,0,1
9.568948000,1,0
9.569510000,0,0
9.584786000,0,1
9.584860000,1,0
9.585422000,0,0
9.600750000,0,1
9.600825000,1,0
9.601387000,0,0
9.616993000,0,1
9.617067000,1,0
9.617629000,0,0
9.632732000,0,1
9.632806000,1,0
9.633368000,0,0
9.648757000,0,1
9.648832000,1,0
9.649394000,0,0
9.665269000,0,1
9.665343000,1,0
9.665905000,0,0
9.680678000,0,1
9.680752000,1,0
9.681314000,0,0
9.696643000,0,1
9.696717000,1,0
9.697279000,0,0
9.712711000,0,1
9.712786000,1,0
9.713348000,0,0
9.728780000,0,1
9.728855000,1,0
9.729417000,0,0
9.744927000,0,1
9.745002000,1,0
9.745564000,0,0
9.760640000,0,1
9.760714000,1,0
9.761277000,0,0
9.776778000,0,1
9.776853000,1,0
9.777415000,0,0
9.792673000,0,1
9.792748000,1,0
9.793310000,0,0
9.808898000,0,1
9.808973000,1,0
9.809535000,0,0
9.825115000,0,1
9.825189000,1,0
9.825751000,0,0
9.841288000,0,1
9.841362000,1,0
9.841924000,0,0
9.856681000,0,1
9.856755000,1,0
9.857317000,0,0
9.872724000,0,1
9.872798000,1,0
9.873360000,0,0
9.888688000,0,1
9.888763000,1,0
9.889325000,0,0
9.904688000,0,1
9.904762000,1,0
9.905324000,0,0
9.920842000,0,1
9.920916000,1,0
9.921478000,0,0
9.937769000,0,1
9.937843000,1,0
9.938405000,0,0
9.952703000,0,1
9.952777000,1,0
9.953339000,0,0
9.970071000,0,1
9.970146000,1,0
9.970708000,0,0
9.984849000,0,1
9.984924000,1,0
9.985486000,0,0
10.001464000,0,1
10.001538000,1,0
10.002100000,0,0
10.016683000,0,1
10.016758000,1,0
10.017320000,0,0
10.033054000,0,1
10.033129000,1,0
10.033691000,0,0
10.048864000,0,1
10.048938000,1,0
10.049500000,0,0
10.064942000,0,1
10.065016000,1,0
10.065578000,0,0
10.081105000,0,1
10.081179000,1,0
10.081741000,0,0
10.096732000,0,1
10.096806000,1,0
10.097368000,0,0
10.112757000,0,1
10.112832000,1,0
10.113394000,0,0
10.128661000,0,1
10.128736000,1,0
10.129298000,0,0
10.144782000,0,1
10.144857000,1,0
10.145419000,0,0
10.160677000,0,1
10.160752000,1,0
10.161314000,0,0
10.176668000,0,1
10.176742000,1,0
10.177304000,0,0
10.192902000,0,1
10.192976000,1,0
10.193538000,0,0
10.208892000,0,1
10.208967000,1,0
10.209529000,0,0
10.224718000,0,1
10.224793000,1,0
10.225355000,0,0
10.240978000,0,1
10.241052000,1,0
10.241614000,0,0
10.256752000,0,1
10.256826000,1,0
10.257388000,0,0
10.272899000,0,1
10.272973000,1,0
10.273535000,0,0
10.288698000,0,1
10.288773000,1,0
10.289335000,0,0
10.304915000,0,1
10.304989000,1,0
10.305551000,0,0
10.320810000,0,1
10.320884000,1,0
10.321446000,0,0
10.336670000,0,1
10.336745000,1,0
10.337307000,0,0
10.353026000,0,1
10.353100000,1,0
10.353662000,0,0
10.368973000,0,1
10.369047000,1,0
10.369609000,0,0
10.384677000,0,1
10.384752000,1,0
10.385314000,0,0
10.401509000,0,1
10.401583000,1,0
10.402145000,0,0
10.416693000,0,1
10.416768000,1,0
10.417330000,0,0
10.432788000,0,1
10.432862000,1,0
10.433424000,0,0
10.448744000,0,1
10.448818000,1,0
10.449380000,0,0
10.464821000,0,1
10.464896000,1,0
10.465458000,0,0
10.480674000,0,1
10.480749000,1,0
10.481311000,0,0
10.497002000,0,1
10.497077000,1,0
10.497639000,0,0
10.512811000,0,1
10.512885000,1,0
10.513447000,0,0
10.528784000,0,1
10.528859000,1,0
10.529420000,0,0
10.544818000,0,1
10.544893000,1,0
10.545455000,0,0
10.560741000,0,1
10.560815000,1,0
10.561377000,0,0
10.576801000,0,1
10.576875000,1,0
10.577438000,0,0
10.592679000,0,1
10.592753000,1,0
10.593315000,0,0
10.608747000,0,1
10.608822000,1,0
10.609384000,0,0
10.624738000,0,1
10.624813000,1,0
10.625375000,0,0
10.640824000,0,1
10.640899000,1,0
10.641461000,0,0
10.656659000,0,1
10.656733000,1,0
10.657295000,0,0
10.672910000,0,1
10.672984000,1,0
10.673546000,0,0
10.688753000,0,1
10.688827000,1,0
10.689390000,0,0
10.704848000,0,1
10.704922000,1,0
10.705484000,0,0
10.721080000,0,1
10.721155000,1,0
10.721717000,0,0
10.736794000,0,1
10.736869000,1,0
10.737431000,0,0
10.752846000,0,1
10.752920000,1,0
10.753482000,0,0
10.769547000,0,1
10.769622000,1,0
10.770184000,0,0
10.784845000,0,1
10.784919000,1,0
10.785481000,0,0
10.800696000,0,1
10.800771000,1,0
10.801333000,0,0
10.816852000,0,1
10.816926000,1,0
10.817489000,0,0
10.833016000,0,1
10.833091000,1,0
10.833653000,0,0
10.849102000,0,1
10.849177000,1,0
10.849739000,0,0
10.864711000,0,1
10.864786000,1,0
10.865348000,0,0
10.880945000,0,1
10.881019000,1,0
10.881582000,0,0
10.896745000,0,1
10.896819000,1,0
10.897381000,0,0
10.912657000,0,1
10.912732000,1,0
10.913294000,0,0
10.929238000,0,1
10.929313000,1,0
10.929875000,0,0
10.944717000,0,1
10.944791000,1,0
10.945353000,0,0
10.960759000,0,1
10.960834000,1,0
10.961396000,0,0
10.976768000,0,1
10.976842000,1,0
10.977404000,0,0
10.992975000,0,1
10.993050000,1,0
10.993612000,0,0
11.008731000,0,1
11.008806000,1,0
11.009368000,0,0
11.024696000,0,1
11.024771000,1,0
11.025333000,0,0
11.040843000,0,1
11.040917000,1,0
11.041479000,0,0
11.056712000,0,1
11.056787000,1,0
11.057349000,0,0
11.072729000,0,1
11.072803000,1,0
11.073366000,0,0
11.088789000,0,1
11.088863000,1,0
11.089426000,0,0
11.104685000,0,1
11.104760000,1,0
11.105322000,0,0
11.120840000,0,1
11.120914000,1,0
11.121476000,0,0
11.136770000,0,1
11.136844000,1,0
11.137406000,0,0
11.152969000,0,1
11.153043000,1,0
11.153605000,0,0
11.168683000,0,1
11.168757000,1,0
11.169319000,0,0
11.184820000,0,1
11.184894000,1,0
11.185456000,0,0
11.200949000,0,1
11.201024000,1,0
11.201586000,0,0
11.216724000,0,1
11.216799000,1,0
11.217361000,0,0
11.232715000,0,1
11.232790000,1,0
11.233352000,0,0
11.248827000,0,1
11.248902000,1,0
11.249464000,0,0
11.264775000,0,1
11.264849000,1,0
11.265411000,0,0
11.280670000,0,1
11.280744000,1,0
11.281306000,0,0
11.296808000,0,1
11.296882000,1,0
11.297444000,0,0
11.312851000,0,1
11.312925000,1,0
11.313487000,0,0
11.328668000,0,1
11.328742000,1,0
11.329304000,0,0
11.345039000,0,1
11.345114000,1,0
11.345676000,0,0
11.361143000,0,1
11.361217000,1,0
11.361779000,0,0
11.376657000,0,1
11.376732000,1,0
11.377294000,0,0
11.393610000,0,1
11.393685000,1,0
11.394247000,0,0
11.408882000,0,1
11.408956000,1,0
11.409518000,0,0
11.424751000,0,1
11.424825000,1,0
11.425387000,0,0
11.440672000,0,1
11.440746000,1,0
11.441308000,0,0
11.457217000,0,1
11.457291000,1,0
11.457853000,0,0
11.472723000,0,1
11.472797000,1,0
11.473359000,0,0
11.488818000,0,1
11.488892000,1,0
11.489454000,0,0
11.504826000,0,1
11.504900000,1,0
11.505462000,0,0
11.520886000,0,1
11.520960000,1,0
11.521522000,0,0
11.536694000,0,1
11.536769000,1,0
11.537331000,0,0
11.553274000,0,1
11.553349000,1,0
11.553911000,0,0
11.568910000,0,1
11.568984000,1,0
11.569546000,0,0
11.584866000,0,1
11.584940000,1,0
11.585502000,0,0
11.600735000,0,1
11.600809000,1,0
11.601372000,0,0
11.616778000,0,1
11.616852000,1,0
11.617414000,0,0
11.632743000,0,1
11.632817000,1,0
11.633379000,0,0
11.648681000,0,1
11.648756000,1,0
11.649318000,0,0
11.665417000,0,1
11.665491000,1,0
11.666053000,0,0
11.681201000,0,1
11.681275000,1,0
11.681837000,0,0
11.696723000,0,1
11.696797000,1,0
11.697359000,0,0
11.712757000,0,1
11.712831000,1,0
11.713393000,0,0
11.728956000,0,1
11.729030000,1,0
11.729592000,0,0
11.744678000,0,1
11.744753000,1,0
11.745315000,0,0
11.760713000,0,1
11.760787000,1,0
11.761349000,0,0
11.777075000,0,1
11.777150000,1,0
11.777712000,0,0
11.793066000,0,1
11.793140000,1,0
11.793702000,0,0
11.808702000,0,1
11.808777000,1,0
11.809338000,0,0
11.824865000,0,1
11.824939000,1,0
11.825501000,0,0
11.840873000,0,1
11.840947000,1,0
11.841509000,0,0
11.856787000,0,1
11.856861000,1,0
11.857423000,0,0
11.872924000,0,1
11.872998000,1,0
11.873560000,0,0
11.889618000,0,1
11.889692000,1,0
11.890254000,0,0
11.904707000,0,1
11.904781000,1,0
11.905343000,0,0
11.920724000,0,1
11.920798000,1,0
11.921360000,0,0
11.936949000,0,1
11.937023000,1,0
11.937585000,0,0
11.952714000,0,1
11.952788000,1,0
11.953350000,0,0
11.968670000,0,1
11.968744000,1,0
11.969306000,0,0
11.985189000,0,1
11.985263000,1,0
11.985825000,0,0
12.000746000,0,1
12.000821000,1,0
12.001383000,0,0
12.016807000,0,1
12.016881000,1,0
12.017443000,0,0
12.033006000,0,1
12.033080000,1,0
12.033642000,0,0
12.048970000,0,1
12.049045000,1,0
12.049607000,0,0
12.064692000,0,1
12.064766000,1,0
12.065328000,0,0
12.081463000,0,1
12.081537000,1,0
12.082099000,0,0
12.097055000,0,1
12.097130000,1,0
12.097692000,0,0
12.112837000,0,1
12.112912000,1,0
12.113474000,0,0
12.128724000,0,1
12.128798000,1,0
12.129360000,0,0
12.144758000,0,1
12.144832000,1,0
12.145394000,0,0
12.160714000,0,1
12.160788000,1,0
12.161350000,0,0
12.177450000,0,1
12.177524000,1,0
12.178086000,0,0
12.193251000,0,1
12.193325000,1,0
12.193888000,0,0
12.208755000,0,1
12.208830000,1,0
12.209392000,0,0
12.224781000,0,1
12.224855000,1,0
12.225417000,0,0
12.241292000,0,1
12.241367000,1,0
12.241929000,0,0
12.256970000,0,1
12.257045000,1,0
12.257607000,0,0
12.272762000,0,1
12.272836000,1,0
12.273398000,0,0
12.288735000,0,1
12.288809000,1,0
12.289371000,0,0
12.304734000,0,1
12.304809000,1,0
12.305371000,0,0
12.320699000,0,1
12.320773000,1,0
12.321335000,0,0
12.336724000,0,1
12.336799000,1,0
12.337361000,0,0
12.352915000,0,1
12.352989000,1,0
12.353551000,0,0
12.368672000,0,1
12.368747000,1,0
12.369309000,0,0
12.384731000,0,1
12.384805000,1,0
12.385368000,0,0
12.400791000,0,1
12.400866000,1,0
12.401428000,0,0
12.416757000,0,1
12.416832000,1,0
12.417393000,0,0
12.432704000,0,1
12.432779000,1,0
12.433341000,0,0
12.448712000,0,1
12.448787000,1,0
12.449349000,0,0
12.464850000,0,1
12.464924000,1,0
12.465486000,0,0
12.480772000,0,1
12.480846000,1,0
12.481408000,0,0
12.496710000,0,1
12.496785000,1,0
12.497347000,0,0
12.513073000,0,1
12.513148000,1,0
12.513710000,0,0
12.528857000,0,1
12.528931000,1,0
12.529494000,0,0
12.544804000,0,1
12.544878000,1,0
12.545441000,0,0
12.560958000,0,1
12.561033000,1,0
12.561595000,0,0
12.576916000,0,1
12.576990000,1,0
12.577552000,0,0
12.592689000,0,1
12.592764000,1,0
12.593326000,0,0
12.609321000,0,1
12.609395000,1,0
12.609957000,0,0
12.624723000,0,1
12.624797000,1,0
12.625359000,0,0
12.640679000,0,1
12.640753000,1,0
12.641315000,0,0
12.656695000,0,1
12.656770000,1,0
12.657332000,0,0
12.672747000,0,1
12.672821000,1,0
12.673383000,0,0
12.688711000,0,1
12.688786000,1,0
12.689348000,0,0
12.704685000,0,1
12.704759000,1,0
12.705321000,0,0
12.720953000,0,1
12.721028000,1,0
12.721590000,0,0
12.736710000,0,1
12.736784000,1,0
12.737346000,0,0
12.752700000,0,1
12.752775000,1,0
12.753337000,0,0
12.769047000,0,1
12.769121000,1,0
12.769683000,0,0
12.784760000,0,1
12.784834000,1,0
12.785396000,0,0
12.800898000,0,1
12.800972000,1,0
12.801534000,0,0
12.816706000,0,1
12.816781000,1,0
12.817343000,0,0
12.832741000,0,1
12.832815000,1,0
12.833377000,0,0
12.848688000,0,1
12.848762000,1,0
12.849324000,0,0
12.864817000,0,1
12.864892000,1,0
12.865454000,0,0
12.880834000,0,1
12.880909000,1,0
12.881471000,0,0
12.896799000,0,1
12.896873000,1,0
12.897435000,0,0
12.912703000,0,1
12.912777000,1,0
12.913339000,0,0
12.928945000,0,1
12.929019000,1,0
12.929581000,0,0
12.944745000,0,1
12.944819000,1,0
12.945381000,0,0
12.960709000,0,1
12.960784000,1,0
12.961346000,0,0
12.977004000,0,1
12.977078000,1,0
12.977640000,0,0
12.992830000,0,1
12.992904000,1,0
12.993466000,0,0
13.008716000,0,1
13.008790000,1,0
13.009353000,0,0
13.024811000,0,1
13.024885000,1,0
13.025448000,0,0
13.040854000,0,1
13.040928000,1,0
13.041490000,0,0
13.056698000,0,1
13.056772000,1,0
13.057334000,0,0
13.072835000,0,1
13.072910000,1,0
13.073472000,0,0
13.089130000,0,1
13.089204000,1,0
13.089766000,0,0
13.104800000,0,1
13.104875000,1,0
13.105437000,0,0
13.120721000,0,1
13.120796000,1,0
13.121358000,0,0
13.137631000,0,1
13.137705000,1,0
13.138267000,0,0
13.152936000,0,1
13.153010000,1,0
13.153573000,0,0
13.168918000,0,1
13.168992000,1,0
13.169554000,0,0
13.184771000,0,1
13.184845000,1,0
13.185407000,0,0
13.200796000,0,1
13.200871000,1,0
13.201433000,0,0
13.216718000,0,1
13.216792000,1,0
13.217354000,0,0
13.232682000,0,1
13.232757000,1,0
13.233319000,0,0
13.249045000,0,1
13.249119000,1,0
13.249682000,0,0
13.264811000,0,1
13.264886000,1,0
13.265448000,0,0
13.280698000,0,1
13.280772000,1,0
13.281334000,0,0
13.297095000,0,1
13.297170000,1,0
13.297732000,0,0
13.312922000,0,1
13.312997000,1,0
13.313559000,0,0
13.328696000,0,1
13.328770000,1,0
13.329333000,0,0
13.344721000,0,1
13.344796000,1,0
13.345358000,0,0
13.360885000,0,1
13.360960000,1,0
13.361522000,0,0
13.376685000,0,1
13.376760000,1,0
13.377322000,0,0
13.392780000,0,1
13.392855000,1,0
13.393417000,0,0
13.409014000,0,1
13.409088000,1,0
13.409650000,0,0
13.424744000,0,1
13.424818000,1,0
13.425380000,0,0
13.440691000,0,1
13.440766000,1,0
13.441328000,0,0
13.457107000,0,1
13.457182000,1,0
13.457744000,0,0
13.472742000,0,1
13.472817000,1,0
13.473379000,0,0
13.488724000,0,1
13.488799000,1,0
13.489361000,0,0
13.504871000,0,1
13.504946000,1,0
13.505508000,0,0
13.520897000,0,1
13.520971000,1,0
13.521533000,0,0
13.536705000,0,1
13.536779000,1,0
13.537341000,0,0
13.552817000,0,1
13.552892000,1,0
13.553454000,0,0
13.569103000,0,1
13.569177000,1,0
13.569739000,0,0
13.584824000,0,1
13.584899000,1,0
13.585461000,0,0
13.600720000,0,1
13.600794000,1,0
13.601356000,0,0
13.617162000,0,1
13.617236000,1,0
13.617798000,0,0
13.633005000,0,1
13.633079000,1,0
13.633641000,0,0
13.648710000,0,1
13.648785000,1,0
13.649347000,0,0
13.665801000,0,1
13.665875000,1,0
13.666437000,0,0
13.680752000,0,1
13.680827000,1,0
13.681389000,0,0
13.696760000,0,1
13.696835000,1,0
13.697397000,0,0
13.712699000,0,1
13.712774000,1,0
13.713336000,0,0
13.728794000,0,1
13.728868000,1,0
13.729430000,0,0
13.744689000,0,1
13.744764000,1,0
13.745326000,0,0
13.761295000,0,1
13.761369000,1,0
13.761931000,0,0
13.776904000,0,1
13.776978000,1,0
13.777540000,0,0
13.792713000,0,1
13.792788000,1,0
13.793350000,0,0
13.808739000,0,1
13.808813000,1,0
13.809375000,0,0
13.824799000,0,1
13.824873000,1,0
13.825435000,0,0
13.840772000,0,1
13.840846000,1,0
13.841409000,0,0
13.856737000,0,1
13.856811000,1,0
13.857373000,0,0
13.872788000,0,1
13.872863000,1,0
13.873425000,0,0
13.888952000,0,1
13.889027000,1,0
13.889589000,0,0
13.904908000,0,1
13.904983000,1,0
13.905545000,0,0
13.920812000,0,1
13.920887000,1,0
13.921449000,0,0
13.938181000,0,1
13.938255000,1,0
13.938817000,0,0
13.952984000,0,1
13.953059000,1,0
13.953621000,0,0
13.968741000,0,1
13.968815000,1,0
13.969377000,0,0
13.984801000,0,1
13.984875000,1,0
13.985437000,0,0
14.001122000,0,1
14.001196000,1,0
14.001758000,0,0
14.016756000,0,1
14.016831000,1,0
14.017393000,0,0
14.033077000,0,1
14.033151000,1,0
14.033713000,0,0
14.048799000,0,1
14.048873000,1,0
14.049435000,0,0
14.064911000,0,1
14.064985000,1,0
14.065547000,0,0
14.080867000,0,1
14.080941000,1,0
14.081503000,0,0
14.097187000,0,1
14.097262000,1,0
14.097824000,0,0
14.112848000,0,1
14.112922000,1,0
14.113485000,0,0
14.128752000,0,1
14.128826000,1,0
14.129388000,0,0
14.144882000,0,1
14.144956000,1,0
14.145518000,0,0
14.160890000,0,1
14.160964000,1,0
14.161526000,0,0
14.176715000,0,1
14.176790000,1,0
14.177352000,0,0
14.192801000,0,1
14.192876000,1,0
14.193438000,0,0
14.208861000,0,1
14.208936000,1,0
14.209498000,0,0
14.224731000,0,1
14.224805000,1,0
14.225367000,0,0
14.240722000,0,1
14.240796000,1,0
14.241358000,0,0
14.256929000,0,1
14.257004000,1,0
14.257566000,0,0
14.272833000,0,1
14.272907000,1,0
14.273469000,0,0
14.288728000,0,1
14.288803000,1,0
14.289365000,0,0
14.304884000,0,1
14.304958000,1,0
14.305520000,0,0
14.320737000,0,1
14.320811000,1,0
14.321373000,0,0
14.336813000,0,1
14.336887000,1,0
14.337449000,0,0
14.353021000,0,1
14.353095000,1,0
14.353657000,0,0
14.369011000,0,1
14.369086000,1,0
14.369648000,0,0
14.384804000,0,1
14.384878000,1,0
14.385440000,0,0
14.400958000,0,1
14.401032000,1,0
14.401594000,0,0
14.417088000,0,1
14.417162000,1,0
14.417724000,0,0
14.432784000,0,1
14.432859000,1,0
14.433421000,0,0
14.448758000,0,1
14.448832000,1,0
14.449394000,0,0
14.464964000,0,1
14.465039000,1,0
14.465601000,0,0
14.480998000,0,1
14.481073000,1,0
14.481635000,0,0
14.496704000,0,1
14.496778000,1,0
14.497340000,0,0
14.513014000,0,1
14.513089000,1,0
14.513651000,0,0
14.528798000,0,1
14.528872000,1,0
14.529435000,0,0
14.544745000,0,1
14.544820000,1,0
14.545382000,0,0
14.561585000,0,1
14.561660000,1,0
14.562222000,0,0
14.577290000,0,1
14.577364000,1,0
14.577926000,0,0
14.592926000,0,1
14.593000000,1,0
14.593562000,0,0
14.608760000,0,1
14.608834000,1,0
14.609396000,0,0
14.625687000,0,1
14.625761000,1,0
14.626323000,0,0
14.640785000,0,1
14.640859000,1,0
14.641421000,0,0
14.657529000,0,1
14.657604000,1,0
14.658166000,0,0
14.673000000,0,1
14.673075000,1,0
14.673637000,0,0
14.688835000,0,1
14.688909000,1,0
14.689472000,0,0
14.704826000,0,1
14.704900000,1,0
14.705462000,0,0
14.721353000,0,1
14.721428000,1,0
14.721990000,0,0
14.736903000,0,1
14.736977000,1,0
14.737539000,0,0
14.752737000,0,1
14.752811000,1,0
14.753373000,0,0
14.768780000,0,1
14.768854000,1,0
14.769416000,0,0
14.784779000,0,1
14.784853000,1,0
14.785415000,0,0
14.800735000,0,1
14.800809000,1,0
14.801372000,0,0
14.816734000,0,1
14.816809000,1,0
14.817371000,0,0
14.832968000,0,1
14.833042000,1,0
14.833605000,0,0
14.848994000,0,1
14.849068000,1,0
14.849630000,0,0
14.864758000,0,1
14.864833000,1,0
14.865395000,0,0
14.880810000,0,1
14.880884000,1,0
14.881446000,0,0
14.896835000,0,1
14.896910000,1,0
14.897472000,0,0
14.912722000,0,1
14.912796000,1,0
14.913358000,0,0
14.929199000,0,1
14.929273000,1,0
14.929835000,0,0
14.944739000,0,1
14.944814000,1,0
14.945376000,0,0
14.960730000,0,1
14.960804000,1,0
14.961366000,0,0
14.976720000,0,1
14.976795000,1,0
14.977357000,0,0
14.992814000,0,1
14.992888000,1,0
14.993450000,0,0
15.008771000,0,1
15.008846000,1,0
15.009408000,0,0
15.024805000,0,1
15.024880000,1,0
15.025442000,0,0
15.040977000,0,1
15.041052000,1,0
15.041614000,0,0
15.056769000,0,1
15.056844000,1,0
15.057406000,0,0
15.072725000,0,1
15.072800000,1,0
15.073362000,0,0
15.088890000,0,1
15.088964000,1,0
15.089526000,0,0
15.104906000,0,1
15.104981000,1,0
15.105543000,0,0
15.120888000,0,1
15.120963000,1,0
15.121525000,0,0
15.136714000,0,1
15.136788000,1,0
15.137350000,0,0
15.152930000,0,1
15.153005000,1,0
15.153567000,0,0
15.168713000,0,1
15.168787000,1,0
15.169349000,0,0
15.185197000,0,1
15.185272000,1,0
15.185834000,0,0
15.200894000,0,1
15.200968000,1,0
15.201530000,0,0
15.216824000,0,1
15.216898000,1,0
15.217460000,0,0
15.232780000,0,1
15.232854000,1,0
15.233416000,0,0
15.249325000,0,1
15.249399000,1,0
15.249961000,0,0
15.264805000,0,1
15.264879000,1,0
15.265441000,0,0
15.280873000,0,1
15.280948000,1,0
15.281510000,0,0
15.296742000,0,1
15.296817000,1,0
15.297379000,0,0
15.313046000,0,1
15.313120000,1,0
15.313682000,0,0
15.328759000,0,1
15.328833000,1,0
15.329395000,0,0
15.344845000,0,1
15.344919000,1,0
15.345481000,0,0
15.360931000,0,1
15.361005000,1,0
15.361567000,0,0
15.376921000,0,1
15.376996000,1,0
15.377558000,0,0
15.392843000,0,1
15.392917000,1,0
15.393479000,0,0
15.408807000,0,1
15.408882000,1,0
15.409444000,0,0
15.424729000,0,1
15.424803000,1,0
15.425365000,0,0
15.440797000,0,1
15.440872000,1,0
15.441434000,0,0
15.456936000,0,1
15.457010000,1,0
15.457572000,0,0
15.472848000,0,1
15.472923000,1,0
15.473485000,0,0
15.488726000,0,1
15.488800000,1,0
15.489362000,0,0
15.504743000,0,1
15.504817000,1,0
15.505379000,0,0
15.520794000,0,1
15.520869000,1,0
15.521431000,0,0
15.536715000,0,1
15.536790000,1,0
15.537352000,0,0
15.552723000,0,1
15.552798000,1,0
15.553360000,0,0
15.568957000,0,1
15.569032000,1,0
15.569594000,0,0
15.584741000,0,1
15.584815000,1,0
15.585377000,0,0
15.600800000,0,1
15.600874000,1,0
15.601436000,0,0
15.617337000,0,1
15.617412000,1,0
15.617974000,0,0
15.632894000,0,1
15.632968000,1,0
15.633530000,0,0
15.648825000,0,1
15.648899000,1,0
15.649462000,0,0
15.664807000,0,1
15.664882000,1,0
15.665444000,0,0
15.681005000,0,1
15.681079000,1,0
15.681641000,0,0
15.696719000,0,1
15.696793000,1,0
15.697355000,0,0
15.712744000,0,1
15.712819000,1,0
15.713381000,0,0
15.729246000,0,1
15.729320000,1,0
15.729882000,0,0
15.744761000,0,1
15.744835000,1,0
15.745397000,0,0
15.760829000,0,1
15.760904000,1,0
15.761466000,0,0
15.777687000,0,1
15.777761000,1,0
15.778323000,0,0
15.793200000,0,1
15.793274000,1,0
15.793837000,0,0
15.809078000,0,1
15.809152000,1,0
15.809714000,0,0
15.824809000,0,1
15.824884000,1,0
15.825446000,0,0
15.840791000,0,1
15.840866000,1,0
15.841428000,0,0
15.856773000,0,1
15.856848000,1,0
15.857410000,0,0
15.873770000,0,1
15.873844000,1,0
15.874406000,0,0
15.888824000,0,1
15.888899000,1,0
15.889461000,0,0
15.904980000,0,1
15.905054000,1,0
15.905616000,0,0
15.920884000,0,1
15.920958000,1,0
15.921520000,0,0
15.936926000,0,1
15.937001000,1,0
15.937563000,0,0
15.952787000,0,1
15.952861000,1,0
15.953424000,0,0
15.968821000,0,1
15.968895000,1,0
15.969458000,0,0
15.984794000,0,1
15.984869000,1,0
15.985431000,0,0
16.000759000,0,1
16.000833000,1,0
16.001395000,0,0
16.016750000,0,1
16.016824000,1,0
16.017386000,0,0
16.032740000,0,1
16.032815000,1,0
16.033377000,0,0
16.049337000,0,1
16.049412000,1,0
16.049974000,0,0
16.064739000,0,1
16.064813000,1,0
16.065376000,0,0
16.080756000,0,1
16.080830000,1,0
16.081392000,0,0
16.097163000,0,1
16.097238000,1,0
16.097800000,0,0
16.113041000,0,1
16.113115000,1,0
16.113677000,0,0
16.128762000,0,1
16.128837000,1,0
16.129399000,0,0
16.145802000,0,1
16.145877000,1,0
16.146439000,0,0
16.160735000,0,1
16.160810000,1,0
16.161372000,0,0
16.176761000,0,1
16.176835000,1,0
16.177397000,0,0
16.193029000,0,1
16.193104000,1,0
16.193666000,0,0
16.208950000,0,1
16.209025000,1,0
16.209587000,0,0
16.224871000,0,1
16.224946000,1,0
16.225508000,0,0
16.240958000,0,1
16.241032000,1,0
16.241594000,0,0
16.256793000,0,1
16.256868000,1,0
16.257430000,0,0
16.272767000,0,1
16.272841000,1,0
16.273403000,0,0
16.288740000,0,1
16.288815000,1,0
16.289377000,0,0
16.305189000,0,1
16.305264000,1,0
16.305826000,0,0
16.320747000,0,1
16.320822000,1,0
16.321384000,0,0
16.336773000,0,1
16.336847000,1,0
16.337409000,0,0
16.352807000,0,1
16.352881000,1,0
16.353443000,0,0
16.368944000,0,1
16.369018000,1,0
16.369580000,0,0
16.384797000,0,1
16.384871000,1,0
16.385433000,0,0
16.400727000,0,1
16.400801000,1,0
16.401363000,0,0
16.416804000,0,1
16.416879000,1,0
16.417441000,0,0
16.432908000,0,1
16.432982000,1,0
16.433544000,0,0
16.448742000,0,1
16.448817000,1,0
16.449379000,0,0
16.464872000,0,1
16.464946000,1,0
16.465509000,0,0
16.480724000,0,1
16.480798000,1,0
16.481360000,0,0
16.496740000,0,1
16.496815000,1,0
16.497377000,0,0
16.513026000,0,1
16.513101000,1,0
16.513663000,0,0
16.528748000,0,1
16.528822000,1,0
16.529384000,0,0
16.544843000,0,1
16.544917000,1,0
16.545479000,0,0
16.560772000,0,1
16.560847000,1,0
16.561409000,0,0
16.576815000,0,1
16.576890000,1,0
16.577452000,0,0
16.592745000,0,1
16.592820000,1,0
16.593382000,0,0
16.608727000,0,1
16.608802000,1,0
16.609364000,0,0
16.624787000,0,1
16.624862000,1,0
16.625424000,0,0
16.640769000,0,1
16.640844000,1,0
16.641406000,0,0
16.656734000,0,1
16.656808000,1,0
16.657370000,0,0
16.673228000,0,1
16.673303000,1,0
16.673865000,0,0
16.688776000,0,1
16.688850000,1,0
16.689412000,0,0
16.704732000,0,1
16.704806000,1,0
16.705369000,0,0
16.720940000,0,1
16.721014000,1,0
16.721576000,0,0
16.736965000,0,1
16.737039000,1,0
16.737601000,0,0
16.752730000,0,1
16.752805000,1,0
16.753366000,0,0
16.769354000,0,1
16.769429000,1,0
16.769991000,0,0
16.784798000,0,1
16.784873000,1,0
16.785435000,0,0
16.800858000,0,1
16.800933000,1,0
16.801495000,0,0
16.816745000,0,1
16.816819000,1,0
16.817382000,0,0
16.833663000,0,1
16.833738000,1,0
16.834300000,0,0
16.848770000,0,1
16.848844000,1,0
16.849406000,0,0
16.864830000,0,1
16.864904000,1,0
16.865466000,0,0
16.880847000,0,1
16.880921000,1,0
16.881483000,0,0
16.896863000,0,1
16.896938000,1,0
16.897500000,0,0
16.912760000,0,1
16.912834000,1,0
16.913396000,0,0
16.928768000,0,1
16.928842000,1,0
16.929405000,0,0
16.944974000,0,1
16.945049000,1,0
16.945611000,0,0
16.961008000,0,1
16.961083000,1,0
16.961645000,0,0
16.976748000,0,1
16.976823000,1,0
16.977385000,0,0
16.992861000,0,1
16.992935000,1,0
16.993498000,0,0
17.008912000,0,1
17.008987000,1,0
17.009549000,0,0
17.024746000,0,1
17.024821000,1,0
17.025383000,0,0
17.040876000,0,1
17.040951000,1,0
17.041513000,0,0
17.056780000,0,1
17.056855000,1,0
17.057417000,0,0
17.072892000,0,1
17.072967000,1,0
17.073529000,0,0
17.088952000,0,1
17.089027000,1,0
17.089589000,0,0
17.104943000,0,1
17.105017000,1,0
17.105580000,0,0
17.120734000,0,1
17.120808000,1,0
17.121371000,0,0
17.136759000,0,1
17.136834000,1,0
17.137396000,0,0
17.152950000,0,1
17.153024000,1,0
17.153587000,0,0
17.168862000,0,1
17.168937000,1,0
17.169499000,0,0
17.184740000,0,1
17.184815000,1,0
17.185377000,0,0
17.201511000,0,1
17.201585000,1,0
17.202147000,0,0
17.216800000,0,1
17.216874000,1,0
17.217436000,0,0
17.233397000,0,1
17.233471000,1,0
17.234033000,0,0
17.248859000,0,1
17.248934000,1,0
17.249496000,0,0
17.264806000,0,1
17.264881000,1,0
17.265443000,0,0
17.280754000,0,1
17.280828000,1,0
17.281390000,0,0
17.297533000,0,1
17.297607000,1,0
17.298170000,0,0
17.312961000,0,1
17.313035000,1,0
17.313597000,0,0
17.328856000,0,1
17.328930000,1,0
17.329493000,0,0
17.344742000,0,1
17.344817000,1,0
17.345379000,0,0
17.361011000,0,1
17.361085000,1,0
17.361647000,0,0
17.376941000,0,1
17.377015000,1,0
17.377578000,0,0
17.393392000,0,1
17.393466000,1,0
17.394028000,0,0
17.408879000,0,1
17.408953000,1,0
17.409515000,0,0
17.424791000,0,1
17.424866000,1,0
17.425428000,0,0
17.440730000,0,1
17.440804000,1,0
17.441366000,0,0
17.456816000,0,1
17.456891000,1,0
17.457453000,0,0
17.473249000,0,1
17.473324000,1,0
17.473886000,0,0
17.488789000,0,1
17.488863000,1,0
17.489425000,0,0
17.504779000,0,1
17.504854000,1,0
17.505416000,0,0
17.520848000,0,1
17.520923000,1,0
17.521485000,0,0
17.536762000,0,1
17.536836000,1,0
17.537398000,0,0
17.552735000,0,1
17.552810000,1,0
17.553372000,0,0
17.568924000,0,1
17.568999000,1,0
17.569561000,0,0
17.584734000,0,1
17.584809000,1,0
17.585371000,0,0
17.600794000,0,1
17.600869000,1,0
17.601431000,0,0
17.616898000,0,1
17.616972000,1,0
17.617534000,0,0
17.633295000,0,1
17.633370000,1,0
17.633932000,0,0
17.648914000,0,1
17.648988000,1,0
17.649550000,0,0
17.664870000,0,1
17.664944000,1,0
17.665506000,0,0
17.680965000,0,1
17.681039000,1,0
17.681601000,0,0
17.697093000,0,1
17.697167000,1,0
17.697729000,0,0
17.712738000,0,1
17.712812000,1,0
17.713374000,0,0
17.729335000,0,1
17.729409000,1,0
17.729971000,0,0
17.744997000,0,1
17.745071000,1,0
17.745633000,0,0
17.760797000,0,1
17.760871000,1,0
17.761433000,0,0
17.777065000,0,1
17.777140000,1,0
17.777702000,0,0
17.792804000,0,1
17.792878000,1,0
17.793441000,0,0
17.808760000,0,1
17.808834000,1,0
17.809396000,0,0
17.825339000,0,1
17.825414000,1,0
17.825976000,0,0
17.840767000,0,1
17.840842000,1,0
17.841404000,0,0
17.856775000,0,1
17.856850000,1,0
17.857412000,0,0
17.872888000,0,1
17.872962000,1,0
17.873524000,0,0
17.888974000,0,1
17.889048000,1,0
17.889610000,0,0
17.904756000,0,1
17.904830000,1,0
17.905393000,0,0
17.920964000,0,1
17.921038000,1,0
17.921600000,0,0
17.937163000,0,1
17.937237000,1,0
17.937799000,0,0
17.952962000,0,1
17.953037000,1,0
17.953599000,0,0
17.968849000,0,1
17.968923000,1,0
17.969485000,0,0
17.985005000,0,1
17.985079000,1,0
17.985641000,0,0
18.000778000,0,1
18.000853000,1,0
18.001415000,0,0
18.016769000,0,1
18.016843000,1,0
18.017405000,0,0
18.032742000,0,1
18.032817000,1,0
18.033379000,0,0
18.048985000,0,1
18.049059000,1,0
18.049621000,0,0
18.064767000,0,1
18.064841000,1,0
18.065403000,0,0
18.080784000,0,1
18.080858000,1,0
18.081420000,0,0
18.096861000,0,1
18.096936000,1,0
18.097498000,0,0
18.112800000,0,1
18.112874000,1,0
18.113436000,0,0
18.128757000,0,1
18.128831000,1,0
18.129393000,0,0
18.144816000,0,1
18.144890000,1,0
18.145452000,0,0
18.161414000,0,1
18.161489000,1,0
18.162051000,0,0
18.177118000,0,1
18.177193000,1,0
18.177755000,0,0
18.192754000,0,1
18.192829000,1,0
18.193391000,0,0
18.209039000,0,1
18.209113000,1,0
18.209675000,0,0
18.224943000,0,1
18.225017000,1,0
18.225579000,0,0
18.240778000,0,1
18.240853000,1,0
18.241415000,0,0
18.256873000,0,1
18.256948000,1,0
18.257510000,0,0
18.272769000,0,1
18.272843000,1,0
18.273405000,0,0
18.288759000,0,1
18.288834000,1,0
18.289396000,0,0
18.305157000,0,1
18.305231000,1,0
18.305793000,0,0
18.320949000,0,1
18.321024000,1,0
18.321586000,0,0
18.336766000,0,1
18.336841000,1,0
18.337403000,0,0
18.353181000,0,1
18.353255000,1,0
18.353817000,0,0
18.368800000,0,1
18.368874000,1,0
18.369436000,0,0
18.384842000,0,1
18.384917000,1,0
18.385479000,0,0
18.400746000,0,1
18.400821000,1,0
18.401383000,0,0
18.417847000,0,1
18.417921000,1,0
18.418483000,0,0
18.433247000,0,1
18.433322000,1,0
18.433884000,0,0
18.448996000,0,1
18.449070000,1,0
18.449633000,0,0
18.464908000,0,1
18.464983000,1,0
18.465545000,0,0
18.480856000,0,1
18.480930000,1,0
18.481493000,0,0
18.496794000,0,1
18.496869000,1,0
18.497431000,0,0
18.512837000,0,1
18.512912000,1,0
18.513474000,0,0
18.529287000,0,1
18.529361000,1,0
18.529923000,0,0
18.544845000,0,1
18.544919000,1,0
18.545481000,0,0
18.560913000,0,1
18.560988000,1,0
18.561550000,0,0
18.576921000,0,1
18.576996000,1,0
18.577558000,0,0
18.592956000,0,1
18.593030000,1,0
18.593592000,0,0
18.608747000,0,1
18.608821000,1,0
18.609383000,0,0
18.625006000,0,1
18.625081000,1,0
18.625643000,0,0
18.640858000,0,1
18.640933000,1,0
18.641495000,0,0
18.656753000,0,1
18.656828000,1,0
18.657390000,0,0
18.672918000,0,1
18.672992000,1,0
18.673554000,0,0
18.688960000,0,1
18.689035000,1,0
18.689597000,0,0
18.704760000,0,1
18.704835000,1,0
18.705396000,0,0
18.720863000,0,1
18.720938000,1,0
18.721500000,0,0
18.736993000,0,1
18.737068000,1,0
18.737630000,0,0
18.752949000,0,1
18.753024000,1,0
18.753586000,0,0
18.768844000,0,1
18.768919000,1,0
18.769481000,0,0
18.785650000,0,1
18.785724000,1,0
18.786286000,0,0
18.800740000,0,1
18.800814000,1,0
18.801376000,0,0
18.817216000,0,1
18.817290000,1,0
18.817852000,0,0
18.832963000,0,1
18.833038000,1,0
18.833600000,0,0
18.848773000,0,1
18.848847000,1,0
18.849409000,0,0
18.864764000,0,1
18.864838000,1,0
18.865400000,0,0
18.881707000,0,1
18.881781000,1,0
18.882343000,0,0
18.896849000,0,1
18.896924000,1,0
18.897486000,0,0
18.912874000,0,1
18.912949000,1,0
18.913511000,0,0
18.928752000,0,1
18.928827000,1,0
18.929389000,0,0
18.944925000,0,1
18.945000000,1,0
18.945562000,0,0
18.960873000,0,1
18.960947000,1,0
18.961509000,0,0
18.979030000,0,1
18.979104000,1,0
18.979666000,0,0
18.992819000,0,1
18.992894000,1,0
18.993456000,0,0
19.008827000,0,1
19.008902000,1,0
19.009464000,0,0
19.024896000,0,1
19.024970000,1,0
19.025533000,0,0
19.040817000,0,1
19.040892000,1,0
19.041454000,0,0
19.056782000,0,1
19.056856000,1,0
19.057418000,0,0
19.072799000,0,1
19.072873000,1,0
19.073435000,0,0
19.088798000,0,1
19.088872000,1,0
19.089434000,0,0
19.104962000,0,1
19.105037000,1,0
19.105599000,0,0
19.121005000,0,1
19.121080000,1,0
19.121642000,0,0
19.136918000,0,1
19.136992000,1,0
19.137554000,0,0
19.152795000,0,1
19.152870000,1,0
19.153432000,0,0
19.169566000,0,1
19.169640000,1,0
19.170203000,0,0
19.184768000,0,1
19.184843000,1,0
19.185405000,0,0
19.200820000,0,1
19.200894000,1,0
19.201456000,0,0
19.216793000,0,1
19.216867000,1,0
19.217430000,0,0
19.232844000,0,1
19.232919000,1,0
19.233481000,0,0
19.249217000,0,1
19.249291000,1,0
19.249853000,0,0
19.264895000,0,1
19.264970000,1,0
19.265532000,0,0
19.280808000,0,1
19.280882000,1,0
19.281444000,0,0
19.296850000,0,1
19.296925000,1,0
19.297487000,0,0
19.313284000,0,1
19.313358000,1,0
19.313920000,0,0
19.329031000,0,1
19.329106000,1,0
19.329668000,0,0
19.344823000,0,1
19.344897000,1,0
19.345459000,0,0
19.361845000,0,1
19.361919000,1,0
19.362481000,0,0
19.376786000,0,1
19.376861000,1,0
19.377423000,0,0
19.393298000,0,1
19.393372000,1,0
19.393935000,0,0
19.409028000,0,1
19.409103000,1,0
19.409665000,0,0
19.425002000,0,1
19.425076000,1,0
19.425638000,0,0
19.440803000,0,1
19.440877000,1,0
19.441439000,0,0
19.457009000,0,1
19.457083000,1,0
19.457645000,0,0
19.472887000,0,1
19.472961000,1,0
19.473523000,0,0
19.489285000,0,1
19.489360000,1,0
19.489922000,0,0
19.504861000,0,1
19.504935000,1,0
19.505497000,0,0
19.520808000,0,1
19.520882000,1,0
19.521445000,0,0
19.536816000,0,1
19.536890000,1,0
19.537453000,0,0
19.552833000,0,1
19.552907000,1,0
19.553469000,0,0
19.568832000,0,1
19.568907000,1,0
19.569469000,0,0
19.585845000,0,1
19.585919000,1,0
19.586481000,0,0
19.600900000,0,1
19.600975000,1,0
19.601537000,0,0
19.617072000,0,1
19.617147000,1,0
19.617709000,0,0
19.632786000,0,1
19.632861000,1,0
19.633423000,0,0
19.648872000,0,1
19.648947000,1,0
19.649509000,0,0
19.664941000,0,1
19.665016000,1,0
19.665578000,0,0
19.680767000,0,1
19.680841000,1,0
19.681403000,0,0
19.696775000,0,1
19.696849000,1,0
19.697411000,0,0
19.712774000,0,1
19.712849000,1,0
19.713411000,0,0
19.728791000,0,1
19.728866000,1,0
19.729428000,0,0
19.744990000,0,1
19.745064000,1,0
19.745627000,0,0
19.760772000,0,1
19.760847000,1,0
19.761409000,0,0
19.777569000,0,1
19.777644000,1,0
19.778206000,0,0
19.793014000,0,1
19.793089000,1,0
19.793651000,0,0
19.808805000,0,1
19.808880000,1,0
19.809442000,0,0
19.824900000,0,1
19.824974000,1,0
19.825537000,0,0
19.841064000,0,1
19.841139000,1,0
19.841701000,0,0
19.856855000,0,1
19.856930000,1,0
19.857492000,0,0
19.873409000,0,1
19.873483000,1,0
19.874046000,0,0
19.888993000,0,1
19.889067000,1,0
19.889629000,0,0
19.905027000,0,1
19.905101000,1,0
19.905663000,0,0
19.920827000,0,1
19.920901000,1,0
19.921463000,0,0
19.936948000,0,1
19.937022000,1,0
19.937584000,0,0
19.952947000,0,1
19.953021000,1,0
19.953583000,0,0
19.968955000,0,1
19.969030000,1,0
19.969592000,0,0
19.984963000,0,1
19.985038000,1,0
19.985600000,0,0
20.001049000,0,1
20.001124000,1,0
20.001686000,0,0
20.016910000,0,1
20.016984000,1,0
20.017546000,0,0
20.032788000,0,1
20.032862000,1,0
20.033424000,0,0
20.048822000,0,1
20.048896000,1,0
20.049458000,0,0
20.066296000,0,1
20.066370000,1,0
20.066932000,0,0
20.081124000,0,1
20.081199000,1,0
20.081761000,0,0
20.098060000,0,1
20.098134000,1,0
20.098696000,0,0
20.112812000,0,1
20.112886000,1,0
20.113449000,0,0
20.128975000,0,1
20.129049000,1,0
20.129611000,0,0
20.144819000,0,1
20.144894000,1,0
20.145456000,0,0
20.160956000,0,1
20.161030000,1,0
20.161593000,0,0
20.178031000,0,1
20.178105000,1,0
20.178667000,0,0
20.193128000,0,1
20.193203000,1,0
20.193765000,0,0
20.209969000,0,1
20.210043000,1,0
20.210605000,0,0
20.224989000,0,1
20.225064000,1,0
20.225626000,0,0
20.240833000,0,1
20.240907000,1,0
20.241469000,0,0
20.256902000,0,1
20.256976000,1,0
20.257538000,0,0
20.272814000,0,1
20.272888000,1,0
20.273451000,0,0
20.289107000,0,1
20.289182000,1,0
20.289744000,0,0
20.304882000,0,1
20.304956000,1,0
20.305519000,0,0
20.320821000,0,1
20.320895000,1,0
20.321457000,0,0
20.336855000,0,1
20.336929000,1,0
20.337491000,0,0
20.352811000,0,1
20.352885000,1,0
20.353447000,0,0
20.368949000,0,1
20.369023000,1,0
20.369585000,0,0
20.384818000,0,1
20.384893000,1,0
20.385455000,0,0
20.400835000,0,1
20.400909000,1,0
20.401471000,0,0
20.416904000,0,1
20.416978000,1,0
20.417540000,0,0
20.433007000,0,1
20.433082000,1,0
20.433644000,0,0
20.448920000,0,1
20.448994000,1,0
20.449556000,0,0
20.464989000,0,1
20.465063000,1,0
20.465625000,0,0
20.480884000,0,1
20.480958000,1,0
20.481520000,0,0
20.496918000,0,1
20.496992000,1,0
20.497555000,0,0
20.512822000,0,1
20.512896000,1,0
20.513458000,0,0
20.529012000,0,1
20.529086000,1,0
20.529648000,0,0
20.544899000,0,1
20.544973000,1,0
20.545535000,0,0
20.560924000,0,1
20.560998000,1,0
20.561560000,0,0
20.576915000,0,1
20.576989000,1,0
20.577551000,0,0
20.592905000,0,1
20.592980000,1,0
20.593542000,0,0
20.608905000,0,1
20.608979000,1,0
20.609541000,0,0
20.625026000,0,1
20.625100000,1,0
20.625662000,0,0
20.640843000,0,1
20.640917000,1,0
20.641479000,0,0
20.656781000,0,1
20.656856000,1,0
20.657418000,0,0
20.673050000,0,1
20.673124000,1,0
20.673686000,0,0
20.689162000,0,1
20.689236000,1,0
20.689798000,0,0
20.704875000,0,1
20.704949000,1,0
20.705511000,0,0
20.720944000,0,1
20.721018000,1,0
20.721580000,0,0
20.737221000,0,1
20.737295000,1,0
20.737857000,0,0
20.752779000,0,1
20.752853000,1,0
20.753415000,0,0
20.768924000,0,1
20.768999000,1,0
20.769561000,0,0
20.784958000,0,1
20.785033000,1,0
20.785595000,0,0
20.801045000,0,1
20.801119000,1,0
20.801681000,0,0
20.816889000,0,1
20.816963000,1,0
20.817525000,0,0
20.833901000,0,1
20.833976000,1,0
20.834538000,0,0
20.849529000,0,1
20.849603000,1,0
20.850166000,0,0
20.865311000,0,1
20.865386000,1,0
20.865948000,0,0
20.881017000,0,1
20.881091000,1,0
20.881653000,0,0
20.897284000,0,1
20.897358000,1,0
20.897920000,0,0
20.912790000,0,1
20.912864000,1,0
20.913426000,0,0
20.928832000,0,1
20.928907000,1,0
20.929469000,0,0
20.944988000,0,1
20.945062000,1,0
20.945625000,0,0
20.961031000,0,1
20.961105000,1,0
20.961668000,0,0
20.977108000,0,1
20.977183000,1,0
20.977745000,0,0
20.993263000,0,1
20.993337000,1,0
20.993899000,0,0
21.009098000,0,1
21.009173000,1,0
21.009735000,0,0
21.024863000,0,1
21.024938000,1,0
21.025500000,0,0
21.041712000,0,1
21.041787000,1,0
21.042349000,0,0
21.056949000,0,1
21.057023000,1,0
21.057585000,0,0
21.072783000,0,1
21.072858000,1,0
21.073420000,0,0
21.088791000,0,1
21.088866000,1,0
21.089428000,0,0
21.104834000,0,1
21.104908000,1,0
21.105470000,0,0
21.120825000,0,1
21.120899000,1,0
21.121462000,0,0
21.136859000,0,1
21.136933000,1,0
21.137495000,0,0
21.152945000,0,1
21.153019000,1,0
21.153581000,0,0
21.169127000,0,1
21.169201000,1,0
21.169763000,0,0
21.184796000,0,1
21.184871000,1,0
21.185433000,0,0
21.201575000,0,1
21.201650000,1,0
21.202212000,0,0
21.216856000,0,1
21.216930000,1,0
21.217492000,0,0
21.232942000,0,1
21.233016000,1,0
21.233578000,0,0
21.248880000,0,1
21.248955000,1,0
21.249517000,0,0
21.264992000,0,1
21.265067000,1,0
21.265629000,0,0
21.280801000,0,1
21.280876000,1,0
21.281438000,0,0
21.296852000,0,1
21.296927000,1,0
21.297489000,0,0
21.312791000,0,1
21.312865000,1,0
21.313427000,0,0
21.328834000,0,1
21.328908000,1,0
21.329470000,0,0
21.344929000,0,1
21.345003000,1,0
21.345566000,0,0
21.361475000,0,1
21.361549000,1,0
21.362111000,0,0
21.376816000,0,1
21.376890000,1,0
21.377452000,0,0
21.392815000,0,1
21.392889000,1,0
21.393452000,0,0
21.409004000,0,1
21.409079000,1,0
21.409641000,0,0
21.424796000,0,1
21.424871000,1,0
21.425433000,0,0
21.440804000,0,1
21.440879000,1,0
21.441441000,0,0
21.456804000,0,1
21.456878000,1,0
21.457440000,0,0
21.472786000,0,1
21.472860000,1,0
21.473422000,0,0
21.488855000,0,1
21.488929000,1,0
21.489491000,0,0
21.504906000,0,1
21.504981000,1,0
21.505542000,0,0
21.520836000,0,1
21.520910000,1,0
21.521472000,0,0
21.536844000,0,1
21.536918000,1,0
21.537480000,0,0
21.552835000,0,1
21.552909000,1,0
21.553471000,0,0
21.569727000,0,1
21.569801000,1,0
21.570363000,0,0
21.585206000,0,1
21.585280000,1,0
21.585842000,0,0
21.601500000,0,1
21.601574000,1,0
21.602137000,0,0
21.616824000,0,1
21.616898000,1,0
21.617460000,0,0
21.633646000,0,1
21.633721000,1,0
21.634283000,0,0
21.648787000,0,1
21.648862000,1,0
21.649424000,0,0
21.664830000,0,1
21.664905000,1,0
21.665467000,0,0
21.681090000,0,1
21.681164000,1,0
21.681726000,0,0
21.697254000,0,1
21.697329000,1,0
21.697891000,0,0
21.712802000,0,1
21.712877000,1,0
21.713439000,0,0
21.729590000,0,1
21.729665000,1,0
21.730227000,0,0
21.744905000,0,1
21.744980000,1,0
21.745542000,0,0
21.761823000,0,1
21.761898000,1,0
21.762460000,0,0
21.776939000,0,1
21.777013000,1,0
21.777575000,0,0
21.793372000,0,1
21.793446000,1,0
21.794008000,0,0
21.808937000,0,1
21.809012000,1,0
21.809574000,0,0
21.825015000,0,1
21.825089000,1,0
21.825651000,0,0
21.841049000,0,1
21.841123000,1,0
21.841686000,0,0
21.857309000,0,1
21.857383000,1,0
21.857945000,0,0
21.872770000,0,1
21.872844000,1,0
21.873406000,0,0
21.889706000,0,1
21.889780000,1,0
21.890342000,0,0
21.904829000,0,1
21.904904000,1,0
21.905466000,0,0
21.920837000,0,1
21.920912000,1,0
21.921474000,0,0
21.937132000,0,1
21.937206000,1,0
21.937768000,0,0
21.952801000,0,1
21.952876000,1,0
21.953438000,0,0
21.968853000,0,1
21.968927000,1,0
21.969489000,0,0
21.985486000,0,1
21.985560000,1,0
21.986122000,0,0
22.000964000,0,1
22.001039000,1,0
22.001601000,0,0
22.016955000,0,1
22.017029000,1,0
22.017592000,0,0
22.032808000,0,1
22.032883000,1,0
22.033445000,0,0
22.048894000,0,1
22.048969000,1,0
22.049531000,0,0
22.064953000,0,1
22.065028000,1,0
22.065590000,0,0
22.080797000,0,1
22.080872000,1,0
22.081434000,0,0
22.097291000,0,1
22.097365000,1,0
22.097927000,0,0
22.113090000,0,1
22.113165000,1,0
22.113727000,0,0
22.128856000,0,1
22.128931000,1,0
22.129493000,0,0
22.144838000,0,1
22.144913000,1,0
22.145475000,0,0
22.161003000,0,1
22.161077000,1,0
22.161639000,0,0
22.176837000,0,1
22.176911000,1,0
22.177473000,0,0
22.192915000,0,1
22.192989000,1,0
22.193551000,0,0
22.209329000,0,1
22.209404000,1,0
22.209966000,0,0
22.224826000,0,1
22.224901000,1,0
22.225463000,0,0
22.240861000,0,1
22.240935000,1,0
22.241497000,0,0
22.256938000,0,1
22.257013000,1,0
22.257575000,0,0
22.272799000,0,1
22.272873000,1,0
22.273435000,0,0
22.289274000,0,1
22.289349000,1,0
22.289911000,0,0
22.305058000,0,1
22.305132000,1,0
22.305694000,0,0
22.321118000,0,1
22.321192000,1,0
22.321754000,0,0
22.336996000,0,1
22.337070000,1,0
22.337632000,0,0
22.352908000,0,1
22.352983000,1,0
22.353545000,0,0
22.369401000,0,1
22.369476000,1,0
22.370038000,0,0
22.385748000,0,1
22.385822000,1,0
22.386384000,0,0
22.400872000,0,1
22.400946000,1,0
22.401508000,0,0
22.416845000,0,1
22.416919000,1,0
22.417481000,0,0
22.432922000,0,1
22.432997000,1,0
22.433559000,0,0
22.448878000,0,1
22.448953000,1,0
22.449515000,0,0
22.464878000,0,1
22.464952000,1,0
22.465514000,0,0
22.480834000,0,1
22.480908000,1,0
22.481470000,0,0
22.496824000,0,1
22.496899000,1,0
22.497461000,0,0
22.512806000,0,1
22.512881000,1,0
22.513443000,0,0
22.528910000,0,1
22.528984000,1,0
22.529546000,0,0
22.544900000,0,1
22.544975000,1,0
22.545537000,0,0
22.560839000,0,1
22.560913000,1,0
22.561476000,0,0
22.576960000,0,1
22.577034000,1,0
22.577596000,0,0
22.592820000,0,1
22.592895000,1,0
22.593457000,0,0
22.608804000,0,1
22.608878000,1,0
22.609440000,0,0
22.624941000,0,1
22.625015000,1,0
22.625577000,0,0
22.640897000,0,1
22.640971000,1,0
22.641533000,0,0
22.657018000,0,1
22.657092000,1,0
22.657654000,0,0
22.672879000,0,1
22.672954000,1,0
22.673516000,0,0
22.688853000,0,1
22.688927000,1,0
22.689489000,0,0
22.704843000,0,1
22.704918000,1,0
22.705480000,0,0
22.720817000,0,1
22.720891000,1,0
22.721453000,0,0
22.737058000,0,1
22.737132000,1,0
22.737694000,0,0
22.752893000,0,1
22.752968000,1,0
22.753530000,0,0
22.768841000,0,1
22.768915000,1,0
22.769477000,0,0
22.785325000,0,1
22.785399000,1,0
22.785962000,0,0
22.800996000,0,1
22.801070000,1,0
22.801632000,0,0
22.816848000,0,1
22.816922000,1,0
22.817484000,0,0
22.833158000,0,1
22.833232000,1,0
22.833795000,0,0
22.849670000,0,1
22.849744000,1,0
22.850306000,0,0
22.864811000,0,1
22.864885000,1,0
22.865447000,0,0
22.880793000,0,1
22.880867000,1,0
22.881429000,0,0
22.896905000,0,1
22.896979000,1,0
22.897541000,0,0
22.912852000,0,1
22.912927000,1,0
22.913489000,0,0
22.928791000,0,1
22.928865000,1,0
22.929427000,0,0
22.945509000,0,1
22.945584000,1,0
22.946146000,0,0
22.960798000,0,1
22.960873000,1,0
22.961435000,0,0
22.976980000,0,1
22.977054000,1,0
22.977617000,0,0
22.992849000,0,1
22.992924000,1,0
22.993486000,0,0
23.008909000,0,1
23.008984000,1,0
23.009546000,0,0
23.024796000,0,1
23.024870000,1,0
23.025433000,0,0
23.041671000,0,1
23.041745000,1,0
23.042307000,0,0
23.056873000,0,1
23.056947000,1,0
23.057509000,0,0
23.072907000,0,1
23.072981000,1,0
23.073543000,0,0
23.088802000,0,1
23.088876000,1,0
23.089438000,0,0
23.105044000,0,1
23.105119000,1,0
23.105681000,0,0
23.120974000,0,1
23.121049000,1,0
23.121611000,0,0
23.136800000,0,1
23.136874000,1,0
23.137436000,0,0
23.152930000,0,1
23.153004000,1,0
23.153566000,0,0
23.168825000,0,1
23.168899000,1,0
23.169461000,0,0
23.184841000,0,1
23.184916000,1,0
23.185478000,0,0
23.200858000,0,1
23.200933000,1,0
23.201495000,0,0
23.216988000,0,1
23.217062000,1,0
23.217624000,0,0
23.232822000,0,1
23.232897000,1,0
23.233459000,0,0
23.248814000,0,1
23.248889000,1,0
23.249451000,0,0
23.265064000,0,1
23.265139000,1,0
23.265701000,0,0
23.280839000,0,1
23.280913000,1,0
23.281476000,0,0
23.296812000,0,1
23.296887000,1,0
23.297449000,0,0
23.313539000,0,1
23.313614000,1,0
23.314176000,0,0
26.972160000,0,0
